トラック名1	トラック名2	分岐器	定位False/反位True
AS2T	AS1T		
AS1T	TH58_9LT		
TH58_9LT	TH58_25T		
TH58_25T	TH58_23ロT	TH58_W25	False
	TH58_9LCT	TH58_W25	True
TH58_DT	TH58_24T	TH58_W24	True
TH58_ET	TH58_24T	TH58_W24	False
TH58_24T	TH58_23イT	TH58_W23	False
TH58_23ロT	TH58_2RBT	TH58_W23	False
	TH58_23イT	TH58_W23	True
TH58_23イT	TH58_2RAT		
TH58_2RAT	TH58_21T	TH58_W21	True
TH58_2RBT	TH58_22イT	TH58_W22	False
TH58_9LCT	TH58_22ロT		
TH58_22ロT	TH58_22イT	TH58_W22	True
TH58_22イT	TH58_21T	TH58_W21	False
TH58_21T	TH58_2RT		
TH58_2RT	NA2T		
NA2T	NA1T		
NA1T	TH59_21ロT		
TH59_21ロT	TH59_13LT	TH59_W21	False
	TH59_21イT	TH59_W21	True
TH59_21イT	TH59_11RT		
TH59_11RT	上り250T		
TH59_13LT	TH59_12LT		
TH59_12LT	下り249T		
下り249T	下り245T		
下り245T	下り241T		
下り241T	下り237T		
下り237T	TH61_6LT		
上り250T	上り246T		
上り246T	上り242T		
上り242T	上り238T		
上り238T	TH61_5RT		
TH61_5RT	TH61_2RBT		
TH61_2RAT	TH61_22T	TH61_W22	True
TH61_2RBT	TH61_22T	TH61_W22	False
TH61_6LT	TH61_21ロT		
TH61_22T	TH61_21イT	TH61_W21	False
TH61_21ロT	TH61_21イT	TH61_W21	True
TH61_21イT	TH61_2RT		
TH61_2RT	TH2T		
TH2T	TH1T		
TH1T	TH62_22T		
TH62_22T	TH62_14RT	TH62_W22	False
	TH62_15RT	TH62_W22	True
TH62_14RT	TH62_12RT		
TH62_15RT	TH62_15LT		
TH62_12RT	TH62_12LT		
TH62_15LT	TH62_13LT		
TH62_12LT	TH62_21T	TH62_W21	False
TH62_13LT	TH62_21T	TH62_W21	True
TH62_21T	MT2T		
MT2T	MT1T		
MT1T	TH63_22ロT		
TH63_22ロT	TH63_15LT	TH63_W22	False
	TH63_22イT	TH63_W22	True
TH63_22イT	TH63_12RT		
TH63_12RT	TH63_21イT	TH63_W21	False
TH63_15LT	TH63_21ロT		
TH63_21ロT	TH63_21イT	TH63_W21	True
TH63_21イT	FMT		
FMT	TH64_22T		
TH64_22T	TH64_15RT	TH64_W22	False
	TH64_14RT	TH64_W22	True
TH64_14RT	TH64_12RT		
TH64_15RT	TH64_15LT		
TH64_12RT	TH64_12LT		
TH64_15LT	TH64_13LT		
TH64_12LT	TH64_21T	TH64_W21	True
TH64_13LT	TH64_21T	TH64_W21	False
TH64_21T	DF2T		
DF2T	DF1T		
DF1T	TH65_XT		
TH65_XT	TH65_50イT	TH65_W50	False
TH65_YT	TH65_50ロT		
TH65_50ロT	TH65_ET	TH65_W50	False
	TH65_50イT	TH65_W50	True
TH65_50イT	TH65_49T		
TH65_ET	TH65_48T	TH65_W47	True
	TH65_48T	TH65_W48	False
TH65_49T	TH65_2RT	TH65_W49	False
	TH65_47T	TH65_W47	False
TH65_48T	TH65_47T	TH65_W47	True
	TH65_44T	TH65_W47	False
TH65_47T	TH65_48T	TH65_W48	True
	TH65_45T	TH65_W48	False
TH65_45T	TH65_11LT	TH65_W45	False
	TH65_3RT	TH65_W45	True
TH65_44T	TH65_12LT	TH65_W46	False
	TH65_5T	TH65_W44	False
	TH65_6T	TH65_W44	True
TH65_11LT	TH65_42ロT		
TH65_12LT	TH65_42イT	TH65_W42	False
TH65_42ロT	TH65_42イT	TH65_W42	True
TH65_42イT	TH65_TST		
TH65_41T	TH65_42ロT	TH65_W41	True
	TH65_2RT	TH65_W43	False
	TH65_3RT	TH65_W43	True
TH65_1RT	TH65_41T		
TH65_1RT	上り156T		
TH65_TST	TH66S_5LT		
上り156T	TH66S_1RCT		
TH66S_1RAT	TH66S_56T	TH66S_W56	False
TH66S_1RBT	TH66S_57T	TH66S_W57	False
TH66S_1RCT	TH66S_55T	TH66S_W55	False
TH66S_5LT	TH66S_53T	TH66S_W53	False
TH66S_56T	TH66S_57T	TH66S_W57	True
	TH66S_61T	TH66S_W57	False
TH66S_57T	TH66S_56T	TH66S_W56	True
	TH66S_54T	TH66S_W54	False
TH66S_54T	TH66S_55T	TH66S_W55	True
	TH66S_13T	TH66S_W55	False
TH66S_55T	TH66S_54T	TH66S_W54	True
	TH66S_52T	TH66S_W54	False
TH66S_13T	TH66S_51イT	TH66S_W51	False
TH66S_52T	TH66S_53T	TH66S_W53	True
	TH66S_51ロT	TH66S_W53	False
TH66S_53T	TH66S_52T	TH66S_W52	True
	TH66S_5LET	TH66S_W52	False
TH66S_51ロT	TH66S_1RT	TH66S_W51	False
	TH66S_51イT	TH66S_W51	True
TH66S_51イT	TH66S_5LDT		
TH66S_1RT	上り146T		
TH66S_5LET	下り151T		
下り151T	下り145T		
下り145T	下り143T		
下り143T	下り137T		
下り137T	TH67_10LT		
上り146T	上り142T		
上り142T	上り136T		
上り136T	TH67_SST		
TH67_23RT	TH67_36ロT		
TH67_SST	TH67_36イT	TH67_W36	False
TH67_36ロT	TH67_36イT	TH67_W36	True
	TH67_33イT	TH67_W33	False
TH67_36イT	TH67_35ロT		
TH67_10LT	TH67_35イT	TH67_W35	False
TH67_35ロT	TH67_33ロT	TH67_W35	False
	TH67_35イT	TH67_W35	True
TH67_35イT	TH67_34T		
TH67_33ロT	TH67_1RBT	TH67_W33	False
	TH67_33イT	TH67_W33	True
TH67_33イT	TH67_1RAT		
TH67_34T	TH67_4LT	TH67_W34	False
	TH67_5LT	TH67_W34	True
TH67_1RAT	TH67_32T	TH67_W32	True
TH67_1RBT	TH67_32T	TH67_W32	False
TH67_4LT	TH67_31T	TH67_W31	False
TH67_5LT	TH67_31T	TH67_W31	True
TH67_32T	TH67_1RT		
TH67_31T	TH67_TST		
TH67_1RT	上り124T		
TH67_TST	下り123T		
下り123T	下り117T		
下り117T	下り111T		
下り111T	下り105T		
下り105T	下り103T		
下り103T	TH70_5LT		
上り124T	上り120T		
上り120T	上り114T		
上り114T	上り108T		
上り108T	上り102T		
上り102T	TH70_SST		
TH70_SST	TH70_21ロT		
TH70_5LT	TH70_21イT	TH70_W21	False
TH70_21ロT	TH70_1RAT	TH70_W21	False
	TH70_21イT	TH70_W21	True
TH70_21イT	TH70_5LBT		
TH70_1RAT	上り92T		
TH70_5LBT	TH70_2LT		
TH70_2LT	下り89T		
下り89T	TH71_6LT		
上り92T	上り86T		
上り86T	TH71_SST		
TH71_SST	TH71_23T		
TH71_6LT	TH71_24T		
TH71_23T	TH71_1RBT	TH71_W23	False
	TH71_1RAT	TH71_W23	True
TH71_24T	TH71_6LCT	TH71_W24	False
	TH71_6LDT	TH71_W24	True
TH71_1RAT	TH71_21T	TH71_W21	True
TH71_1RBT	TH71_21T	TH71_W21	False
TH71_6LCT	TH71_22T	TH71_W22	False
TH71_6LDT	TH71_22T	TH71_W22	True
TH71_21T	TH71_1RT		
TH71_22T	TH71_TST		
TH71_1RT	上り74T		
TH71_TST	下り75T		
下り75T	下り71T		
下り71T	下り67T		
下り67T	下り59T		
下り59T	下り55T		
下り55T	下り49T		
下り49T	下り45T		
下り45T	下り41T		
下り41T	下り35T		
下り35T	下り27T		
下り27T	TH75_9LT		
上り74T	上り68T		
上り68T	上り62T		
上り62T	上り56T		
上り56T	上り48T		
上り48T	上り42T		
上り42T	上り36T		
上り36T	上り30T		
上り30T	上り26T		
上り26T	TH75_SST		
TH75_SST	TH75_50イT	TH75_W50	False
TH75_9LT	TH75_50ロT		
TH75_50ロT	TH75_9LCT	TH75_W50	False
	TH75_50イT	TH75_W50	True
TH75_50イT	TH75_49ロT		
TH75_49ロT	TH75_5RBT	TH75_W49	False
	TH75_49イT	TH75_W49	True
TH75_49イT	TH75_5RAT		
TH75_5RAT	TH75_46ロT		
TH75_5RBT	TH75_46イT	TH75_W46	False
TH75_9LCT	TH75_6LT		
TH75_46ロT	TH75_48T	TH75_W46	False
	TH75_46イT	TH75_W46	True
TH75_46イT	TH75_1RET		
TH75_48T	TH75_4T	TH75_W48	False
	TH75_5T	TH75_W47	False
	TH75_6T	TH75_W47	True
TH75_4T	TH75_34LT		
TH75_5T	TH75_44T	TH75_W44	False
TH75_6T	TH75_45T	TH75_W45	False
TH75_1RET	TH75_43イT	TH75_W43	False
TH75_6LT	TH75_41イT	TH75_W41	False
TH75_34LT	TH75_42イT	TH75_W42	False
TH75_44T	TH75_45T	TH75_W45	True
	TH75_42ロT	TH75_W44	False
TH75_45T	TH75_44T	TH75_W44	True
	TH75_43ロT	TH75_W44	False
TH75_42ロT	TH75_8T	TH75_W42	False
	TH75_42イT	TH75_W42	True
TH75_42イT	TH75_7T		
TH75_43ロT	TH75_9T	TH75_W43	False
	TH75_43イT	TH75_W43	True
TH75_43イT	TH75_41ロT		
TH75_41ロT	TH75_1RT	TH75_W41	False
	TH75_41イT	TH75_W41	True
TH75_41イT	TH75_TST		
TH75_1RT	上り8T		
TH75_TST	下り9T		
下り9T	下り7T		
下り7T	TH76_27T		
上り8T	上り6T		
上り6T	TH76_26ロT		
TH76_26ロT	TH76_26イT	TH76_W26	True
	TH76_22T	TH76_W22	True
TH76_26イT	TH76_25T		
TH76_25T	TH76_23T	TH76_W25	False
	TH76_22T	TH76_W22	False
TH76_23T	TH76_24T	TH76_W24	True
	TH76_5LBT	TH76_W23	True
	TH76_21イT	TH76_W21	False
TH76_24T	TH76_21ロT		
TH76_21ロT	TH76_5LDT	TH76_W21	False
	TH76_21イT	TH76_W21	True
TH76_21イT	TH76_5LCT		
TH76_27T		TH76_W27	True
	TH76_26イT	TH76_W26	False
		TH76_W27	False
	TH76_24T	TH76_W24	False
TH76_22T	TH76_5LAT		
